"language","X1","X2","X3","X4","X5","X6","X7","X8","X9","X10","X11","X12"
"ES",7.07147563279846,-6.51289966399678,7.65079980498752,11.1507832007291,-7.65731234058068,12.4840205599929,-11.7097718857424,3.42659638843557,1.46271520252172,-2.81275273412956,0.866537751632946,-5.24427382038509
"ES",10.9829671733676,-5.15744504970454,3.95206022055212,11.5293811273129,-7.63804669170403,12.1360978188533,-12.0362473181582,3.49194278632722,0.595440752357685,-4.50881099351802,2.33214701045696,-6.22185741204842
"ES",7.82710836372117,-5.4774719375507,7.81625728354177,9.18759183446928,-7.17251058863673,11.7152993936345,-13.8472137647846,4.57407482690652,-1.68755928601376,-7.20404059404916,-0.0118469028342711,-6.46314403041117
"ES",6.74408266350702,-5.68892029059513,6.54678865900131,9.00018318158033,-6.92496340078943,11.710765707178,-12.3743884463117,6.16987885877346,-0.544746654449008,-6.01923700122678,1.35855949477968,-6.35644130804511
"ES",5.83684250980682,-5.32655674992234,7.4722647123844,8.84743979530141,-6.77324443641384,12.6772177022118,-12.3150606993062,4.41634401027015,0.193499859703288,-3.6448119000719,2.15123861667119,-6.81630976946318
"ES",6.26708877521173,-4.22773802771982,7.22774080341415,10.0694181264418,-6.95387058136825,9.38477050978184,-15.3415381099221,6.71853321639703,-0.450951561924955,-7.17758524476969,2.53871288959457,-3.55053616672548
"ES",10.421390959921,-4.26105285733239,7.47247218031419,9.17296126288463,-7.4190834347818,11.3887717744723,-14.5089586423527,6.55709310237008,0.0141102660405277,-8.55991015751888,2.5964145600032,-4.76350834189944
"ES",8.78729307194009,-5.52466662162611,8.75221532378824,10.001286136164,-8.81064703237427,11.8916190344042,-13.2654905516799,6.96857834987611,0.903084613382524,-5.96950802128757,1.76050711639704,-6.10170631078892
"ES",6.75466873114216,-4.6215686833778,10.1726246288567,14.3119377323524,-7.48551222902424,10.1260991877187,-12.3354028244226,5.02238012418246,-0.454546815549509,-9.48712866625829,1.31320337433791,-3.97176185149286
"ES",9.80357677497061,-4.48560517101498,9.09275348349136,12.236940063672,-9.27652350981552,9.97229623944254,-14.0033464049568,6.09932943738871,-0.420891712411646,-9.93510576486665,2.55685070282917,-5.88719697038317
"ES",9.60711502309408,-5.85641387135075,6.80457786115856,13.3180682534306,-8.35642437660256,9.99929017254446,-13.6495874852574,3.19067412531358,1.09363044059041,-8.62870868522816,0.903910468802654,-3.57247210083301
"ES",10.1488044899913,-3.63341078188998,5.47040480335797,11.2640794476089,-6.62455494909327,12.2517509013132,-12.3466338850316,6.7348227204707,1.26449269832838,-6.93023607107644,2.98263625348679,-5.51244698896435
"ES",7.59876258042393,-9.12325171417236,8.85736327441057,10.4406205298606,-8.51308382734778,12.1401785765283,-14.739479916958,4.68215171361502,1.21375694716853,-5.51844834589006,2.27632531403718,-4.33102420437964
"ES",7.07797316160423,-7.26547739787028,9.47413566959611,9.06840093588605,-8.41768408244701,12.1045687611627,-13.2729391752409,3.46232708058393,-1.22524714354835,-5.04044415966783,2.29165310062844,-5.84723946710788
"ES",13.7446056533884,-9.93853120954556,3.06895128641088,13.7950414597551,-6.00746316595853,14.3173954671954,-9.65824149689226,0.3023051329597,1.69964726080244,-10.9902898663939,5.38106302949641,0.124498467742293
"ES",6.74561969385956,-7.22585618104303,6.20444163814355,9.43395838108379,-7.91007622396756,10.2042808291172,-8.56682216290798,8.70970176048696,-2.46377672777623,-8.77012244788327,5.42840391396645,-1.64734752490406
"ES",10.2246845645213,-5.84695369812998,1.57932980867716,11.0731923435045,-6.74005864329253,13.6003070141324,-8.34854582061808,4.25603340785316,-1.07625328871071,-7.46205016456774,4.02493833510355,-0.636634302002658
"ES",11.2634666594647,-6.01798170993314,-0.726261805278495,11.9598003269055,-5.66723477633579,12.3184746535595,-7.89212148561216,4.13117471552227,-0.672802272230964,-9.21564500867383,4.77087440819757,-0.822529736503121
"ES",7.88681074073994,-2.59299913409802,0.2616545871617,12.9321290721395,-4.10891489784892,11.8141337843502,-8.90404184147703,6.1765194223431,1.55973171538792,-7.81231253058439,4.31789302372964,-1.10853232715802
"ES",12.4402959739334,-4.7054095604443,3.62772196024034,11.8776718780298,-9.40979667057795,10.4410476032586,-8.15037243799791,9.49296359354831,-0.0812458667119829,-9.73650389787347,3.25266794905447,-5.9665811542361
"ES",12.2807578582573,-2.43755836133924,3.17593384167795,13.4736013688939,-9.47825953470978,9.74375516561345,-8.10007823784827,9.03316795326913,3.86675855366176,-8.98737045510488,3.85040501435081,-2.70263306388755
"ES",8.27883921430414,-3.54432381523451,0.0435133685938745,9.99612143062649,-6.32804534650524,10.0438652696008,-9.99287777660177,8.43068352702309,0.893773778851582,-9.86116216271611,3.178046362767,-4.69095449045127
"ES",13.6582915879739,-4.33051908548873,1.2233406449344,10.7912700651139,-8.53318115178972,10.5621197248051,-8.42662371495249,7.14328872735678,-2.10640851455261,-11.0854309451231,6.56965775469803,-4.29440057302424
"ES",13.6332752451207,-8.48093003111071,1.64942626091693,12.0592335945643,-7.62231388493713,13.4735446268608,-8.33723112495228,3.67175631839106,-2.93749396511773,-8.12195932556812,9.16606569845217,-2.19165798753648
"ES",13.6732903866692,-9.32946127719533,-0.00807312136432179,6.95139051877571,-9.59055122050441,12.8697203205487,-9.07266105428556,3.62002834934024,-1.7723381879358,-9.8688670983618,6.30704622735352,-0.387155430611981
"ES",10.5570611926105,-7.30309655135285,0.00807956055404523,13.6533112738127,-4.46330808330006,12.4640998231837,-9.81587674872693,1.87355741469663,-1.34583371946699,-8.63407491126556,5.30251530639689,-5.30560018987032
"ES",11.9577639042905,-6.77419928131639,-1.31782619947844,11.1904361773656,-8.47479039631266,13.3917628227188,-7.7936628186005,0.736488640820756,0.192353035727197,-10.0366886274105,3.16970330423841,-2.25579408309779
"ES",10.1764164505585,-8.27281290068155,5.81041911673252,7.39471326418355,-11.5861272749868,10.0511423627536,-7.98937004846645,9.56775717078702,-3.16744362218152,-11.4291779354165,7.31659196982599,-2.58256622714322
"ES",14.7969613356572,-4.55037150731251,1.19371171276837,11.2773721415516,-11.5973050670981,11.4965439566643,-8.32699681786584,4.80778627514503,3.43161963707876,-9.10093453586248,5.73849116747562,1.07962171061481
"FR",-2.3396948350564,0.965367360344214,2.79228145589788,1.19995096758481,-9.31200560677518,7.92975238695692,-10.1328145907434,6.77193928042949,-3.66447750882881,-2.81651238853716,1.67763104364356,-4.8263235102608
"FR",2.28698420628579,-4.9073495401098,-1.12950520781643,2.71391202071021,-10.9521397977495,6.3616578206357,-9.9130773754484,4.68502311978988,-2.79146025619984,-2.02699838658517,6.08286966442198,-4.81451079991844
"FR",0.265926028066104,-2.62620528389057,0.607482920186334,1.68914239998224,-9.64936542643103,8.15323141785016,-10.0282975776517,5.25455153901635,-1.13193780508146,-1.30183982874787,2.05594212015401,-3.28246787240139
"FR",2.36883336759127,-7.26676878632669,4.88185771688866,6.97136078964469,-10.0318523170406,8.64997321731422,-12.0855127440153,5.67991044548529,-0.537339938155197,-2.77727391909656,2.35363047338511,-3.82037893172447
"FR",4.3902340193155,-6.96521098115422,-1.53632660472687,2.74642895437374,-9.6787385909435,9.69945639006709,-9.57629356144116,6.12682451508636,-2.74745180180519,-1.23719146357204,5.29837007792001,-3.86957007864598
"FR",1.51589664359259,-2.52914781174663,-1.42727163151919,4.5882454318474,-8.66469164104561,7.33889732863334,-9.54074380631703,4.70170033904535,-3.07761136009774,-0.844468366873563,4.99231016189745,-3.61218916032389
"FR",-1.27203756480513,0.648213544152368,1.39098310930469,5.55459063857649,-7.9850961934593,7.93562951352108,-8.82300752727218,6.82901634293707,-1.70532197643527,-1.03678340330951,2.68025282019252,-6.39965015512249
"FR",0.547574930899468,-1.77938081675947,2.80563144693733,3.53242778765422,-9.34898344434087,9.2816542346159,-9.93361199693794,6.93692247119121,-1.43053153889426,-2.37579195544176,0.356082575901621,-6.67672973973791
"FR",1.88375851284733,2.70424708114966,-0.951695629197405,6.6494281334752,-9.46832894445865,8.84875488535784,-8.22154230449824,6.89325488938789,0.130256248095143,-2.33036160375705,1.11655829938302,-4.02605658936414
"FR",5.38504663885535,-11.4836282892991,8.3423793168038,5.15961830764546,-9.79784301453372,9.70683923957327,-12.976586858873,5.55071042649835,-2.15644739683229,-2.72145083517897,3.41206968747481,-6.08752470689977
"FR",3.45414292331132,-4.83097180948894,4.35305138807344,7.15438170834465,-8.30125729639899,8.88197332521685,-10.5596031424041,8.77908369117962,0.00367031298536807,-2.22501205832388,1.26899886446061,-8.33925937056972
"FR",3.35177500580806,-4.94108279020572,4.88364405246236,8.9218269759154,-9.49966517932172,8.60331750611623,-10.3519364566579,5.43049760903943,-1.86147581031314,-2.84787968517903,2.56942434366988,-5.34437961690196
"FR",2.88782858166148,0.102067994251811,1.89493903415757,5.10668304029269,-9.69830555215933,7.35521362187304,-9.48157486622024,8.66306885075286,-1.22204594724287,-3.03647181133119,1.55803885072165,-6.00790694196291
"FR",-0.791620839488746,1.30378765360559,-1.79122853180408,6.22735454789889,-9.60293126672978,8.60284785933524,-7.7274154042322,6.43667713557127,-0.0551869588067022,0.486529785814103,1.698109685107,-1.76152788229147
"FR",3.67912970192272,-5.75966462348371,0.884240656575691,4.59362653338975,-10.7883105096859,7.38193609443048,-9.56668770825378,2.83040139960223,-1.53212387731712,-0.550986855910496,4.42104830464752,-3.55456778419523
"FR",11.9270534970486,-10.7734598385611,6.57588779418725,8.1535763376973,-5.50532605197444,14.2959712305289,-11.3968792814961,4.59326632202356,0.000701426189517576,-5.43000160127024,4.87231603629515,-7.15115354206533
"FR",11.5018966596278,-3.71386370300558,2.56838429521942,11.5173103695242,-6.7866695819336,12.3149112595603,-6.95687131817638,7.22004764932205,1.1004969238439,-5.30838302608454,6.03353567901668,-7.4382338887264
"FR",6.86809447240889,-10.0514779103845,7.71108370566771,8.88866926595291,-5.47224592644407,14.5024323438592,-8.30620712492071,6.34590206261378,3.40114959926336,-2.480285664281,3.91596641125209,-4.97698585701982
"FR",11.9378277138339,-9.07028744486714,4.77399064238827,9.83340029195412,-7.77315929346881,11.9848248722623,-9.2588484638109,6.58893084305831,2.99987919888312,-5.4984157857992,4.12630063759105,-2.87731055975646
"FR",9.98576000305366,-8.97657032235374,6.12298161639622,8.8329820402753,-7.74096647371694,14.2720820616814,-6.83878978224668,8.25520494161424,1.91314823895768,-4.20440397175189,3.74803589210054,-5.38251590720412
"FR",13.8854252599203,-6.23385232162275,2.22977642709007,10.9937701734147,-8.10762457961193,12.4530294235085,-5.30975540976411,7.43152426122916,0.767271447813835,-4.33392046430027,5.3372837864922,-9.61495911823464
"FR",13.4661678796871,-5.78348727149863,0.693888916219023,8.24025162557825,-8.62591934641328,14.2882539841332,-6.65136859677342,7.38766612043362,2.74208632071065,-5.09017988354768,4.72249299296155,-3.62478283386475
"FR",13.924038583045,-7.13652073990071,5.24537191931097,14.0604939156837,-6.69289709003769,12.8618259241513,-6.73649371347216,4.85977404802117,2.87293797964034,-6.69769482165296,4.61556089239851,-5.1277093864324
"FR",11.010367332571,-7.3844429949022,1.91749293254658,14.1378569911569,-7.56277559712229,8.67480171630867,-7.46613277166185,6.90911201520103,1.76477171711771,-3.51648510080827,8.48525641992004,-7.84163255195706
"FR",15.1957171779961,-6.53850961193353,0.864829093594187,15.1674210969655,-8.6241222110959,11.0537949150072,-6.12484148838721,4.91456902673405,0.596662308898698,-7.3892903019511,5.95379001614986,-7.21554290401337
"FR",8.12227665708908,-9.26355992561986,4.95537886535378,12.5808211144227,-6.22810681894305,14.0684216691456,-7.87250108032003,7.15134210361909,0.802141959458583,-4.35733982842488,3.34217850952333,-6.66024608779624
"FR",11.4366254409563,-1.85618795924096,1.52248157536591,13.4515224590845,-4.53238132283512,14.851000200738,-6.92141706868662,5.705517149237,2.15322420902406,-6.03001859270429,4.67446833409653,-5.71911919408854
"FR",13.1659518828032,-6.29188313964019,-0.213178224944295,10.1291649392967,-12.9088421294114,9.13908085721591,-3.8847753421109,5.61408921255633,0.561419149478005,-7.2355645541106,2.25162961791153,-8.73472482176072
"FR",9.4427682807975,-8.85928409190022,7.3702412475013,10.453415136635,-6.54490026023202,14.1579898623838,-8.82573421649464,6.00759060040456,0.497794071790511,-3.6971701797583,4.43754700822763,-5.30907667869445
"FR",11.5816105481032,-6.13416805604094,1.89972757017654,16.1789422990942,-6.15105380490858,14.7394939738673,-4.50130813650667,5.50802249410945,1.42805182715915,-6.12326061681245,4.64550705325002,-5.72353652272512
"GE",-2.88082269120334,2.4071360928515,-0.817324942226243,3.17667267690353,-4.95186254731353,10.1084415973097,-12.8730751454013,6.80553797560335,-1.61893606757525,-1.80469335152065,4.21998865342458,-4.77744243841872
"GE",4.24061538558748,-0.0944471432905868,-1.36482718241683,4.95046399356889,-6.54375354593301,9.74385392892741,-12.2860124308053,4.81546553518888,-0.127633603346039,-1.96814252704508,4.12758158735091,-7.77146848556862
"GE",5.64896590447164,-3.18693233028855,-0.139520814857182,-0.725239908304296,-7.26202054983432,11.693687812912,-12.7671687274217,8.61349104902953,-0.362161242415513,-3.45902742271871,5.87419451899503,-5.87332056863689
"GE",4.02568271802,0.356352236676717,2.12390285123448,2.67127818161813,-7.13800589150319,11.893705440415,-11.2431058832808,8.0755798938444,-0.243572680687537,-4.71004000194342,4.18463644149953,-5.67787602216532
"GE",2.41934338464583,-2.09989230865858,2.8755092336779,4.73994428934638,-6.68900647374575,10.3490851983229,-12.738915363812,6.41313862069224,-0.577457444473138,-4.68048868458098,4.17405375010854,-5.94664314722039
"GE",1.69945286798116,0.647670725135208,1.33215170703557,3.54216058231511,-4.32031821729467,10.5817737002661,-14.0302797746081,6.81956776101437,-1.74780522650965,-3.30051558397913,5.20936921812656,-6.9466792048379
"GE",2.48510232416953,3.50511875432156,0.111237160980706,3.85672233134007,-5.93310062331295,10.8876388365885,-11.5906804426133,8.10016049883417,-0.267677165061805,-5.33704241039623,3.79965688910952,-5.35691396636498
"GE",-2.86391000450049,1.6084251662926,-1.57542273255904,4.48097439468168,-4.0449097265824,9.85465202376369,-12.4308102915286,7.22818795470044,-1.79562892396113,-1.80188281739452,3.6818541637146,-5.80492814113229
"GE",1.91780426899109,-2.9164444249991,2.32821860209552,3.68335241755268,-6.59997740906514,11.6248119390136,-12.170799305241,6.50210491687984,-2.02933800585038,-3.04811365807393,3.76447981172341,-6.62306102771718
"GE",2.37450259305951,3.52673605177414,-4.77698008465031,4.30382648544857,-4.15895327718394,11.5515271975499,-10.4210665564228,5.40798372245807,-1.34927290718918,-4.14745901126138,4.14672497124527,-4.91146503114664
"GE",7.43126213766026,-3.71109992576253,-0.360167920228257,3.86913366711978,-8.22853923754566,10.6361916959449,-13.482686333574,4.41711501908707,0.622808126607407,-1.43430387573335,5.31720921861849,-8.69770923791321
"GE",2.73137367901385,-0.569399803476907,2.24883008038432,5.48272192362275,-6.36724404373614,9.24032680975559,-13.832780063649,6.29085425722395,0.721021412341402,-3.32185418186392,2.55431809493425,-9.16216274414036
"GE",3.57087084134103,0.876038156979603,0.861172764681892,3.56620448793025,-7.7969337646997,11.983973112535,-11.114653484536,6.24521286079226,-0.303953585444884,-2.91186031189533,3.67560704630037,-5.10582363165876
"GE",6.13159079149299,-1.17226963731093,1.28691434882409,3.7710939563844,-7.4658490125336,12.5799569686747,-12.4727236471432,5.51171818843863,0.626019232778069,-3.14506212854061,5.37169908498087,-6.15856472524967
"GE",5.81889057269655,-2.47924600343052,2.08760507661422,3.91158693257413,-6.98819198069203,10.4371277252929,-13.7550279464708,5.92261137100404,0.714205322802689,-1.51809943090674,4.62793829050433,-8.77574789033233
"GE",5.26000709512911,-4.80937324012304,3.7457314558802,4.55729336030311,-5.85354670451316,13.6702043244903,-10.8628485860845,2.79504725179249,1.53521050798265,-1.14786836118129,5.15233529071605,-1.85366784875226
"GE",7.26630458002456,-2.22607803186209,1.16985148842833,4.7771303594613,-9.52638582959566,10.5326680691092,-10.7502081418392,5.09352524323876,0.41679628525269,-3.71479531642999,5.20250724279456,-2.36555462398414
"GE",7.03155842082579,-0.0668282870610238,-0.591358448685288,8.5331700785737,-5.8980104524427,11.1521717380541,-9.89687861303777,4.69116818738246,1.34686784918752,-0.448675900624805,1.41925932521099,-5.57035354871629
"GE",6.35258131799949,1.37186093408094,-2.22292275285102,6.04120133605736,-8.61757264267784,9.7192590117294,-10.3258688411532,5.70214929102237,1.22922673357814,-4.14128844064298,2.92639438875774,-5.4064593748255
"GE",0.942360343693847,-0.518286592577515,-1.59318018724947,4.22267802677334,-5.48175473342873,10.4826706957266,-10.6989428659433,5.52438244307525,1.28339570570977,-2.06774101523904,2.40541190023695,-3.28688553374176
"GE",7.97435491632369,-4.23720446470456,0.94600312029695,8.60020756591553,-5.47007608757561,11.5248996894903,-11.350359321153,3.50847466221336,0.21827481019569,-1.06719784388575,3.67030318268048,-6.6858599121556
"GE",4.98778411116983,-3.34009271191587,-0.770060530039487,6.48268311236361,-7.40928286772689,11.8492022838149,-9.01207244087979,3.40654858558932,-1.18704681295528,-3.60599199108257,4.32128364177421,-3.01710175447189
"GE",7.35016129092195,-3.49152884569628,2.48249313821848,6.17983197523451,-7.26291361124725,11.8475749510341,-10.3278452488085,4.18491648205643,0.289149502413525,-4.38323592835471,5.08041166638567,-4.75875369744616
"GE",1.64926322696941,-0.700864894194629,-1.88740922261164,3.41383398192102,-6.86850364953065,10.7145676022088,-11.0946979524396,6.61731846281138,-0.46400277809888,-2.19967547267243,3.4121443315819,-3.24526902154311
"GE",-2.02046103468267,1.11129792729373,-2.10706388991591,6.89653901926584,-3.377758586395,10.6843335222734,-10.4895733335832,5.18449729306791,-2.24489738772841,-1.70459016719773,3.56567799762725,-2.52999426425657
"GE",6.12115573929412,-2.93537878544789,0.0053073083078337,6.86638693805452,-6.24467672656143,12.7675120839463,-10.152214934052,4.50817811375624,0.718448882030191,-3.39821904052505,3.10145060628524,-2.96753526878379
"GE",2.49582976781483,-1.87559844190871,1.98266869815526,6.65293603571005,-6.10852110092341,12.4220835041565,-9.26129961542014,5.13699470836025,-0.108626304543461,-1.12319323267449,3.36776974239169,-1.50467183239088
"GE",2.35654050946062,-1.83645912854271,1.54236646829671,6.13189913834075,-6.83127256275155,11.3402062206544,-10.4482098424275,5.14191457400649,-0.935225529669982,-1.46781741256163,4.23172207733613,-3.58237412290082
"GE",7.01888605554913,-2.59724629225109,1.88307629751003,6.00078071900557,-6.04750873601283,12.5736123190741,-10.7855882311105,4.49704061237747,0.589480367563785,-2.02105274535131,2.64661345011406,-4.7383744527331
"GE",5.60378576285388,-11.0240267879974,6.38360549609846,2.72559875396752,-8.73131837466912,12.2326239316342,-8.59581733045645,4.01485366627051,-3.50842605749725,-4.05015872260656,5.36802080714725,-3.71624058892787
"IT",-1.89239592138807,-3.48329342507754,5.14479585951116,7.2463205645616,-7.19890958508634,8.62276169400948,-11.378867452521,3.74775790441583,0.379406186734797,-1.65943220088657,0.59626541277815,-2.19669541004032
"IT",2.69346377543836,-5.0527096596669,3.02102581331357,6.26216358549976,-9.99874875644545,8.51821732692859,-11.3580283696216,1.47044273040673,1.31012975936421,-3.64237129797346,-0.839415599688947,0.463407829147764
"IT",2.71809939094791,-5.8379855761457,3.82259371149193,7.22196857882378,-10.1330671667395,9.32962268803475,-12.2632011544763,1.70465663501843,0.170310818913862,-3.80353300578217,-0.682318298013782,-2.36194303704836
"IT",5.00114298358311,-4.33184366631635,4.76126352884783,4.15663932294065,-11.0157597898484,10.558650306,-10.9693505701589,4.2599040775192,-0.798664945127609,-5.80890214702992,-1.38699584075478,-3.86295883665174
"IT",0.696452641591222,-3.49918756063516,1.60366017009338,4.6895025898234,-8.44812136566121,10.8764418595921,-10.6234791298938,2.48563708599958,-1.68922568437805,-2.14252967295253,1.75417430415341,-4.47709626350923
"IT",4.83392573346657,-6.22044526425152,6.43130008647957,4.86232061773717,-11.9556943542683,10.8956999057376,-11.1774702347077,1.9994189352968,-1.93203690595809,-2.90520944000617,-1.60683019929918,-5.6486634464386
"IT",0.987513794669139,-3.1703462444793,3.4747241410983,4.7582309495515,-8.81566523921115,10.6516999426179,-10.9769123405186,4.21400300807656,-2.45768599712843,-3.66384562182625,-1.04526067182032,-5.36323016404067
"IT",1.16759207032651,-1.30431827298077,0.639278749550038,5.76537009450703,-8.66779338048002,8.8743321604035,-11.6430342042771,3.69323193635756,-0.878748801593139,-3.16378058644374,2.23083590378757,-0.596541849457205
"IT",5.77712336915356,1.74934128314156,1.84406556210316,11.297983154981,-9.90638935970136,7.94893606367776,-8.28345056224614,2.65975582568285,0.152172414070093,-3.89726456328555,-0.914525568074719,-2.92387155662063
"IT",1.58748169850998,0.00546117248979446,-1.37370216119175,2.16798060689537,-11.6280417992599,11.4742541860579,-7.9980890019126,5.75985089368138,-0.733238227803793,-3.07585758755774,3.09265899141867,-1.52261836853813
"IT",-1.27066317056326,-0.781674333869756,1.67363821234604,7.5715203640552,-8.54987720333068,8.1743952066988,-10.8934781674622,5.11962983163479,-0.324351432857959,-3.81339150588776,-0.611499207012847,-0.560209884927832
"IT",-4.835242263584,1.50704819956533,-0.129089473966304,2.55068460504868,-7.16908329184686,10.9997495033812,-9.27824183556416,5.90636902872968,-2.40416845650741,-1.05533385010697,-0.311691157297433,-3.12400771386353
"IT",2.46237330074172,-0.401984416571633,-1.31542001038414,7.09638738585218,-9.70877902125397,7.50163109915614,-9.61004352162157,2.7215993970588,0.608330904805994,-4.75126444413687,0.583645221806482,-1.78714128706662
"IT",3.31159112168061,0.134005404237274,-0.152898143890899,7.56021066688414,-10.5777799888377,6.85959598714099,-10.0275576866134,2.05001160011803,-0.680482991686425,-2.61135148782929,0.422836203693513,-2.91788068288865
"IT",3.78705362643353,-0.961430006418046,-1.02547979240623,7.71192334493037,-10.5834432635799,8.57390202569205,-9.11810109013681,1.02023388283662,0.03886604604673,-5.26079209713219,0.407795802578761,0.227588031261667
"IT",10.8086213549197,-8.28368932596671,0.200663097710329,11.3312171516679,-4.26360139058754,14.1561269417891,-12.0010356776444,2.5928758058036,-3.59976091319509,-2.11224320194294,7.45225921587331,-8.7317849517306
"IT",-0.718743745459108,0.827185613705831,-1.63938546881161,7.2815193630929,-3.61413105961884,11.5626303196825,-10.305142572815,6.61168313753798,-0.843088694881874,-0.88852368401104,4.41007460623293,-4.40142567545588
"IT",0.156075708962702,-1.20543633711831,-0.371242612245273,5.21692493754408,-4.39939090729677,10.5043259267469,-9.74564727158024,6.66079712605298,-1.74908218226966,-3.32771803699804,5.75247149379203,-3.10689364376897
"IT",-3.9958522327329,0.944183633920351,-0.402838537495077,9.50262906110706,-2.46296659045557,10.7344337300139,-9.78883748267551,6.22816398168688,-0.200593431298348,0.707208597392651,3.51309628279032,-2.793769596733
"IT",3.23986081707247,-2.49460288934,2.12033736243897,7.51523746857268,-4.82525049481897,13.6378497842247,-9.3825261690685,5.2800399553889,-0.700377229193009,-2.04367974073709,4.37617712015096,-1.79715849521331
"IT",0.906846047826066,1.36989679095878,-1.77543905574132,8.23509674037382,-5.21931147809861,12.4140687957185,-7.73905012210424,6.45963532370741,-0.314050382600184,-1.22639736912401,2.31182910049493,-4.506858666595
"IT",-1.59182530669606,3.14705895677573,-1.31676068709959,8.47927024514345,-3.23269681355791,11.2121370960405,-9.01592631660022,6.19451150764495,-2.03173881236596,-0.370499218905928,5.24346515946592,-3.95373746165403
"IT",-3.76331338434888,-2.39078549255156,1.25530583464853,3.70794686551155,-2.490522508439,11.274784137307,-11.6314942944793,3.26775288316646,-1.62415469651814,-1.17698786602968,3.3844107705207,-4.53577210372166
"IT",1.80460566490746,-6.30321785819944,5.06158434851286,9.11485825875664,-4.33039054565759,12.5999862887591,-11.18628788051,6.40936888582567,0.0440047508228348,-0.766784498699308,5.40224085620563,-7.17119164696964
"IT",0.70040596225151,0.548788352923554,0.359578686218556,5.88278621958712,-5.04608879924454,11.6494333032253,-11.3462273751555,7.67906618764833,-1.58089667013157,-3.71349820530721,4.37193761044511,-5.11357879389237
"IT",-1.11495927550127,0.0101916960997823,0.300236372521542,8.79205940536269,-3.10689666860173,11.6511043156844,-9.96762242748654,7.04889535278231,-0.663684639859438,-1.0486627371034,3.9813897978278,-5.17270408449374
"IT",-3.25050659729535,-0.373824411071104,-1.00400430797675,6.72149360257299,-3.0660060617442,11.0519916642613,-11.3041274304963,5.86598933529742,-0.995239990935627,-2.05519240394497,3.64476320160836,-4.18723383069803
"IT",4.52972644810764,-4.08102670886225,-0.280455595768821,8.68402839922878,-4.71218623356547,13.8289903858088,-10.0000767139085,5.32803700016445,-0.503693013335114,-1.54404548605584,4.33691113442517,-5.66228524062139
"IT",-2.89940273136389,2.18339778436824,-3.75335439289161,5.03647555075156,-3.33041404094217,8.73702846962674,-10.954552341281,4.84310309810802,-3.01572210181344,-3.35877639344869,4.80898890696211,-3.60823539055705
"IT",4.09569017064118,-4.96949196266639,4.01353705550251,9.32949905388713,-3.9879533614458,13.8159610189025,-12.6239124031595,5.17593411744709,-0.16927782312516,-2.17532833243491,5.18036471956629,-6.63601999741942
"UK",1.54014905586464,-7.16000733246981,3.77877257365136,6.71880997459678,-9.34731975718816,8.09056443571781,-11.7754730729229,3.11817182024498,-0.35732985881068,-4.25142116860941,-0.937370483445707,-5.71235147259044
"UK",3.97694508821371,-3.00040928763501,0.0320005073243136,9.45265698907504,-8.13235949655311,10.1511623515132,-9.9867334342443,1.35563039954272,-0.373629626376878,-3.75276932711675,1.37612686580886,-4.72870940646695
"UK",2.91493663292701,-4.19126384253383,3.49782854526837,10.3748311655536,-6.31339416624365,10.0328901694318,-10.6186040471897,4.82322255333929,1.17493014276174,-3.97905856208238,1.87673817996829,-4.4666746533979
"UK",4.91552307342811,-1.23562376751658,0.599622438678936,7.39218352727772,-6.94079556839221,12.2070714247896,-9.47230569494007,4.5918759949594,1.3696644737481,-4.56381364271959,2.40254474056503,-4.85742458491418
"UK",6.36054518291676,-0.0775132419970432,0.72697040625152,8.23398608896135,-9.05096532337354,11.7004345051743,-7.76717700588136,4.39970970308647,-0.0131502655455684,-5.08352224359056,2.55593155055576,-6.79621953603755
"UK",4.87942879572304,-2.78406093515608,2.08743076435132,9.66752450287964,-7.81800597253306,10.9042787176649,-9.69546581786649,3.60182937932452,0.851031094246239,-4.24802521957888,1.30776794490933,-6.0805624297768
"UK",0.900426412743292,0.783411338537004,0.399177872838892,9.47739876491286,-5.83888705116821,10.94312462885,-10.5548869341867,1.86314035584106,0.902075223709784,-2.2380081027314,1.08377088619554,-4.95571971269126
"UK",4.89986773315162,-4.39597811448003,0.450237483753119,6.70706790987253,-6.72603215811301,10.3793296674762,-9.64491026672729,4.25751531920365,-0.784425162575414,-5.47746123422158,2.21493805076738,-7.41224488055265
"UK",3.59321430921872,-4.87196862661609,4.85976229322137,11.389300714856,-7.55294763963022,9.31387655283518,-9.76236873277484,3.32298155075447,-0.651156278070642,-6.12486038923646,-0.40633964957448,-7.06707892514059
"UK",-0.415036859483733,-6.03241478947441,3.08909744866092,3.65878169695858,-6.60559387320412,11.2866380665621,-12.2746476785675,4.60987711059199,-1.25786402137951,-3.03623594100458,1.27044306168957,-4.88441690593105
"UK",6.25466564676263,-1.35354474385718,-0.53674035699598,9.00180318555419,-7.61691286386696,12.5334704293605,-8.14233921686553,3.41422615009328,0.166460447893483,-4.86784805692465,2.83295588015159,-5.00007008634377
"UK",2.45277939414278,-4.40598136773906,0.492645789155788,9.09233685367791,-5.57127306847828,11.4830165280042,-9.818405149032,3.97704666027322,0.39921613706082,-5.28836628076057,1.97661518022792,-3.87346507643778
"UK",4.88025609803057,-6.5726862252049,2.14721532949661,9.64464715254334,-6.49599120456789,10.6034311376479,-9.64661410061482,1.90916453606374,-0.186767395200421,-4.0367546099432,3.21464311360861,-5.44538199114756
"UK",7.59760951123335,-6.09054332618653,1.13939480859651,4.06677673777755,-10.1194472685204,10.73707873058,-10.2893556258409,2.70453096477592,-1.93496963428848,-6.05662060654633,2.09856746189379,-5.41512732255421
"UK",4.29657200512767,-0.458797745493526,-0.0488488049715876,6.01817044960606,-8.96438202066767,11.6969490739798,-7.79366997730787,4.37499252163564,-1.39076468282787,-4.35024738471432,2.27485883201598,-4.05955103783314
"UK",3.70942563243163,-4.14600254423229,1.03171946310061,8.22011509902785,-6.97087824601682,9.19837536219583,-9.05219705897288,3.38305523041889,-1.01804841643459,-5.25707029186323,0.764785868116295,-7.74992224581313
"UK",2.4380520938831,-6.93771506818814,0.684190318964293,8.32818115105623,-5.87012333453288,9.33186569010422,-9.38016982997064,3.40820676841953,0.785790161755307,-2.38070013207501,2.32983806165327,-5.33467262355807
"UK",3.96474912262604,-2.13090521903079,1.65967660332924,8.81415328739651,-5.25541193189206,11.7843604639592,-9.49675785975488,4.80971634743745,-1.10069272798915,-3.87814571819696,2.4101769805555,-6.56862296623546
"UK",1.94542668165222,-3.54071281578426,2.53982300494753,6.41816787438494,-5.04378541377087,11.4687043178246,-9.30662216899165,6.01069934678124,0.510748836990794,-1.17317679746697,4.02020425572948,-5.7902782577038
"UK",3.81094837308951,-8.97928306435854,5.73831036796621,5.5175702648115,-6.82562967032057,11.0635472688873,-10.0266284165734,5.14497147521428,-2.09834532599076,-2.06539645305,3.70907883965417,-8.23571755107962
"UK",4.30041268815289,-4.49308635547003,-1.16414608364441,9.91411766766947,-6.92405035533169,9.73388885856524,-8.3215944893899,3.43936636721133,0.132850428283947,-2.57359120397401,2.51125621186886,-5.50015084221087
"UK",-0.458483124014833,-0.811747181121975,-3.07729501492475,5.90479100590858,-6.85130364578508,8.41782800593857,-8.7880952533816,4.62265372874317,-0.977713928006512,-2.06965275947144,2.23009368298899,-5.59135496604458
"UK",0.0471636934027981,-5.26234052000694,1.05992179430389,7.63067620719587,-6.02305474561076,9.430772784835,-10.5936585094803,4.90089593868586,-0.749461399701436,-2.56809547083728,1.30971030173905,-5.94140894145232
"UK",-0.604682901794079,-6.91713486682231,5.04106333578027,9.04154103204605,-6.15156590334159,8.9415502677839,-8.9888714701101,6.99282139250404,0.917499733860951,-3.36239059417365,0.311681201789874,-7.10099061705339
"UK",4.52049659246464,-3.9515453792826,0.195947160649411,9.19617796213948,-6.31147791621272,9.14479536890304,-8.80409050975461,4.87973836495463,-1.01050460529106,-2.97693724276068,3.92742582754112,-7.16814789873904
"UK",5.21308466879486,-8.05084210318308,3.17394118293632,8.0199518973224,-7.03389087447598,10.3474332099606,-11.542084896204,3.36006804850349,1.26503735736949,-2.3216588397295,0.821799401887196,-6.95201228009637
"UK",-1.07676380199052,-4.75212293529009,0.666415239314261,7.2250367669335,-5.81989069096875,8.54917287488722,-10.8898398952595,4.95246503891303,0.279433619893252,-2.33855322636161,1.37110800602114,-5.00248402260252
"UK",-2.59575298498915,-2.4667045105871,0.420944975891394,5.33780710288118,-5.5234556677624,9.90534547630813,-10.1243953646375,4.74850155305618,-0.090000101265208,-1.66329033822873,-0.50025421402075,-5.02941643156563
"UK",4.42739959846765,-6.48351554456236,3.95377729515315,10.9684336782242,-6.40129295238537,10.2599226720191,-8.44039513831917,4.30117345248438,-0.178597871303617,-2.87574498500776,1.00622573541544,-8.86933839292901
"UK",4.2119520870297,-9.87872980144568,3.83042028226117,7.72308208579902,-7.35877737362316,9.42407228991306,-10.0135257816416,4.24259361514737,1.55191067675984,-0.94173810255995,1.64972638738797,-5.5804358763104
"UK",2.06560323751716,-2.82550363813514,-0.841736046659944,8.05097378241306,-3.92517987588451,7.8093438136372,-9.71039883498368,7.11928947685617,-0.537987104769329,-9.26621942212284,4.25734043793291,-0.786078899300474
"UK",-1.52918762101351,-2.78911500448333,-1.092792159446,8.96587715108438,0.690752825400066,8.43633843448236,-11.7142729153881,6.22230980250813,-1.63481829493507,-6.98745591478376,4.96421443107924,-3.58989718716188
"UK",2.77358912287713,-3.72987546389321,4.27338661972632,12.6568823098047,-0.132277306647669,11.3186195534431,-10.5486298229808,8.48102831633603,-0.0178182505579503,-4.42954350223275,2.7793089230347,-7.87818931446472
"UK",1.46784241420483,-1.74484693675284,-2.25064276051516,12.389326388385,-0.805881646111314,7.39166395898052,-10.8430193223575,5.40001409497751,-1.19348162849237,-8.29184362073976,3.32606059095161,-3.7610100461335
"UK",5.34227430790135,-6.55693113983748,2.9676704247144,14.3487327712173,0.178066312162617,9.96897129998126,-11.4582861926358,7.3107976261526,-0.610539978476407,-9.09662034105673,6.342750192061,-6.09109039817646
"UK",1.87259413239344,-0.640211134973261,-2.49233462448113,6.50827807973027,-8.29724045463285,7.46331373092355,-8.75440936527413,6.25066505243809,-0.92531769079248,-7.18144598873271,3.8103286870209,0.910714501868587
"UK",-1.79862495587084,-0.749230047500543,-0.976822493929402,11.3700805378783,-1.10926033744658,7.73894616840226,-9.91590059266708,4.70484339771884,-2.79258193976217,-4.472800085668,4.00965118280189,-3.57740587856099
"UK",3.67896884612641,-3.42704064106335,1.65234865197363,10.4779215571417,-3.51223931784684,9.24400440883958,-11.7096116103909,5.70618594331922,0.480546225454998,-7.98664976314106,3.46184003922682,-0.897684484747125
"UK",3.18108526739118,-2.87076294050738,0.40145835531036,9.29338159960944,-6.21501168664907,6.67700404299997,-9.47555772372296,7.79653437712403,-2.08303925346412,-10.5670391228977,4.98234298189241,-1.56241178506665
"UK",4.09074926202942,-1.39508911357191,0.964912970139656,9.46958168553106,-2.93836009019559,8.59856883042446,-11.2579149838991,8.92275985238512,-1.05910301670512,-9.36435950067756,6.66693506634674,-4.08732711235453
"UK",-6.06783114831591,-0.11229471892082,-2.82516796965417,7.32383063418418,-0.165893623815754,8.00268268524994,-10.8344459912769,6.49717367449732,-4.82086478357818,-5.69615725512456,4.25817962572322,-2.77091094341177
"UK",1.68417763690553,-1.65360442153947,-0.465158746060012,11.9423665151452,1.41121114907141,10.7864822472549,-11.8399243317667,4.70255660098592,0.344964198733701,-8.15171865772357,3.43947364915538,-1.75114491982538
"UK",3.95372517198752,-1.36107614848089,1.20674335894918,13.9441066678804,-0.068082371169544,9.04664296673939,-9.75424653726215,9.07310878570609,0.330879669249907,-9.08499944767133,5.51377654834976,-4.71633144030185
"UK",2.23305883601615,-4.20466140593535,-0.904314888286466,6.98861384888485,-3.91861630647751,8.64356295196706,-8.45247966839906,7.67050453341487,-3.74303047211082,-10.6197040733655,5.2045640099388,-2.04451671910658
"UK",-0.2174977903985,1.64364072129179,-1.18981777594613,9.45230853945151,-3.76453401033998,7.07075140054321,-8.43066863092522,9.31934718740234,-2.47541274321275,-10.2975351794708,2.62732534784602,-1.94515249149173
"US",4.79655223121767,-0.331375778026645,-1.9926370897601,8.25590185648083,-7.61888912986487,8.34214383241094,-7.30045766911153,3.41224552701399,-1.17292214255198,-0.881844787377353,3.77086644464718,-4.2819248382679
"US",0.159778827902783,-1.3323482661904,2.45054676402687,7.3869808772711,-4.63016735314853,10.4126788303434,-11.6958760404089,3.4974729553313,0.096103450578603,-1.98875444964112,0.989782469101251,-4.62856673780898
"US",5.95776942415169,-3.26684999430367,2.72470870572966,12.4591167704745,-7.91112104883902,8.42360894311102,-9.145672167574,2.38958381552066,0.132817536958263,-0.999043449778674,2.90706705456872,-5.47655061687937
"US",9.99175753768342,-0.332812786694708,1.40503310382409,10.3509864901985,-11.0193517391945,10.2272976241866,-6.44239037394846,5.23310110711424,-2.44789722409966,-3.396777004329,4.78300113268959,-5.66230190181086
"US",0.82030154836067,-3.26280175884413,4.15658368201637,9.4427072255767,-4.75452886578948,10.0077341033934,-9.91858446236522,4.60087805413682,0.203810747754599,-1.2123072273019,1.28813885510244,-5.08674567977333
"US",3.54887144533644,-0.509841706504164,3.15271072599135,8.59820902378288,-8.6592086043835,9.41446409185284,-8.75596876198928,4.64870899549822,1.33622170814558,-2.81360201168713,1.15740042544983,-5.07126596492636
"US",3.38693763125039,-3.62486706650951,2.84474286360443,7.85807026547255,-5.49147510813036,9.55628448704161,-11.2062177261575,3.79709568313842,-0.425720366803569,-0.377899546781604,4.15888336413868,-5.37213910334629
"US",10.9417265201475,0.0714361552531624,-6.186583015647,8.96209680419171,-7.44535998265903,10.1307887078123,-7.78115642754573,2.67986774318378,-0.457636547212838,-0.64457716096895,3.19974140575955,-5.90077572925665
"US",10.9198279894736,1.43960924246838,-0.87723951278338,7.64967199930263,-11.4889996240667,10.4159803084478,-5.17598183963635,3.96997105189715,-1.14352685708703,-3.125577092819,4.9589575075674,-6.50946764478338
"US",11.7691038660576,0.432273161761597,-1.19330428107897,6.32012983283152,-11.1914784046312,8.96199930563083,-8.16986853974695,5.48072134718692,-0.713785888312538,0.427657040253662,4.84826587441707,-5.9742642187352
"US",10.0714842147377,3.57076480407018,0.123622655379865,7.61780607358795,-11.42510691887,7.93636555960164,-7.46799878078082,6.69905074512953,-0.469236815460591,-0.146178063472703,2.60433597266237,-8.58975909402576
"US",0.250045047416559,-1.55982544597845,1.10097977260197,7.84218703956051,-6.54321501424686,8.64589714754744,-11.1208595591606,4.83146153113505,0.0415335079402975,0.0765318405868752,2.9087529622895,-4.01099418592416
"US",6.88585844166089,-6.0137725180035,2.87442650370934,6.30192732432704,-7.78288781171776,8.99144768860529,-12.0871391081912,4.21651516472224,0.407290323011339,-0.950390117436248,4.87268651101464,-6.66629169492331
"US",6.95643203954886,-6.41753113607076,7.4633135590384,8.57278865809781,-6.79896073821924,9.83744648001021,-12.1516947850356,3.32767347415559,0.0620974451159937,-1.52355387602069,5.0129804273611,-6.63531102103966
"US",4.14914796857206,-3.91414459865282,1.20907980238169,11.0364052257344,-6.53117676598836,10.9800044960789,-10.9757835870857,1.86484773510869,1.50616526495331,-1.50603740124232,-0.145478806476378,-4.57648986399714
"US",4.95420575400502,-4.32356530342095,9.12397646297849,9.92229176665598,-7.91370616170984,9.52745985538652,-10.9745339930537,4.86801485473757,-0.57974683087342,-5.6301144725087,2.32868196587351,-7.94897118352466
"US",5.17824548060294,-5.04940136042776,5.98072110891635,10.5625308854471,-8.00021958656061,10.3405842674488,-11.5307657784219,5.07253049843035,2.29795356796446,-2.36544286127347,4.62224233477695,-5.53907975210331
"US",7.63113739077075,-4.50236961470647,2.20751547979897,8.70394989196096,-6.72710878382346,12.2457384382937,-12.0988748744484,2.3681792976467,-0.189055926978975,-0.766763410018207,5.56179725991162,-7.51029794344319
"US",4.10042557036559,-5.95552747564613,4.93080311152469,10.0155081120084,-5.51994296805961,11.8245316696151,-10.7396471062036,3.61434559960651,-0.454633375615064,-4.40875157497594,5.14285736483022,-2.85750356798679
"US",6.52151300239081,0.681414377043887,0.712127793195952,9.12320838669061,-5.6103439784934,12.066303020432,-9.890519938232,6.24008379391605,-0.851420118966197,-6.11802125385622,5.09597090070127,-4.46380000472858
"US",3.36289960659481,-5.27976424972309,7.35745132913396,8.32691522166716,-6.11516756505833,10.3279687504053,-10.4340789237125,6.5365606732659,-0.412717051122182,-4.92981523460905,3.84920482492258,-4.38408205588276
"US",3.15206860302145,-3.44897076177653,7.4619970405616,11.2097700692486,-7.58099650662925,8.74981123261318,-11.0019228222669,6.4950533568295,-3.0352024014055,-5.305541664586,5.35193785992629,-2.78270798192695
"US",4.41131154621895,-4.15909449773924,3.62734273726046,4.95975684076226,-6.7326828675918,15.7008977801604,-12.4885008632526,5.40543327670364,1.52020834123981,-3.27303084519563,5.75918665739185,-1.03610820317159
"US",5.68299622559639,-2.7486671193628,3.64096167955244,12.2363089644557,-6.70544652481243,11.9996339819028,-11.5944570989536,4.88136573798388,3.41320563372425,-3.13989747793893,3.88816863267699,-2.50824534039979
"US",3.30174492846529,-2.01482259789232,2.77738810001669,9.457359689995,-6.69200315916673,13.366506807936,-9.18602111274978,4.47740847936158,-0.0455085461763975,-1.46034926136333,3.56667946545416,-3.1221800524104
"US",4.79905375199559,-6.24527537896258,6.89882495620741,6.10254314423399,-7.05781112121902,14.1122475792247,-11.009447106486,3.13438501341966,-0.62993306365376,-2.9149728632638,2.71278148865697,-5.73936187542171
"US",3.62714283481261,-2.12862855896682,3.76160824323142,10.183370852142,-7.4044611206339,10.5004448364413,-11.750549739685,5.9217673073996,0.604629904338869,-3.86595654083781,3.8540433895227,-4.15105970122792
"US",6.12090030616927,-4.85930124570453,8.13035277881387,12.9301757724626,-7.06904155498023,10.3668710075549,-11.4951802230837,6.84775307988656,-0.679472834991653,-8.2627511473987,3.87176932885083,-6.29746228162969
"US",0.91113322364715,-1.55960587858057,5.3128308967939,10.8433019131396,-6.34926645128777,11.6930599943218,-10.4622611007917,6.83984533385959,-0.474564605093298,-4.58766410637094,2.21445488127485,-5.77356504469876
"US",4.5528116988058,-2.7522032670545,1.09851408922288,6.38861903516162,-6.47989826421723,13.542792906869,-10.1524070955026,8.26710328640631,2.88559942911071,-3.38480646484191,6.30874781096764,-2.51131597652563
"US",14.7907895311104,-9.22038306042888,5.90626410037806,12.0081232979846,-7.22283820191046,8.15637107741393,-10.7751682145936,5.45987632786812,2.25066092302122,-3.14241053049956,3.32253711605644,-13.7241030595952
"US",7.68419262941892,-7.16280488310142,2.72045970689208,7.48847153909581,-8.61951740531226,9.11078863387484,-9.63070016209053,5.5775064936983,-0.708972942316197,-4.28637556349124,4.09132019343263,-6.39541955141302
"US",9.22034066158117,0.666597213191004,-0.60590961487952,3.76863962989219,-10.6827212777444,11.1704173262881,-7.00873550626593,7.7701882532378,-1.87276849271354,-3.41998876084429,2.90020343830016,-8.46143768709818
"US",5.91106022038769,-5.82232436811614,2.6217565478099,6.06183237403786,-6.92923015628262,11.7073657995527,-12.2286759252081,3.92020075432494,-3.52817601122274,-6.4580978566282,4.67345201615962,-6.25498756099854
"US",9.55778572181684,-6.16631107307405,1.61135087842486,5.22831389176258,-10.5518931543438,10.7015346335437,-9.77306050220856,6.77546532861058,-0.54807939420654,-6.05014730774,4.08502775863199,-5.53987788343707
"US",11.3805126288294,-8.20268862668832,2.02926829930778,4.25432862372914,-11.0625252795661,9.99448418664496,-11.8335226084951,5.14407882611559,-1.20539144587367,-4.79149806746195,6.24478133195713,-6.28734289905508
"US",5.37406332223291,-5.37513361015059,3.22447603484283,10.9751741362084,-8.08057854231357,7.11969108356095,-10.6834274147146,6.28403625669942,1.20634895107775,-3.71994811409873,1.58114760914223,-6.6319752374271
"US",10.7636062260585,-11.5815199746596,7.96772743717891,11.8819217259884,-7.51323860215727,10.8614444492907,-11.764201589711,5.86297838098121,-0.141378442105767,-5.86871880442743,1.48230363960445,-11.0290921363362
"US",10.8355791891774,-8.5355192024136,4.6957099146735,2.54893600115359,-8.38345273230236,12.02441364603,-12.7816396189241,10.0786674039311,-1.23248247043868,-3.62744839253743,5.4743461075979,-8.95758817290641
"US",9.06563362603503,-3.88636614063714,1.05386491910191,9.34558926134559,-7.64756663278132,9.77967379074102,-10.9629931386731,3.98906798695649,-1.77258339549339,-3.88170719005014,1.58630051589356,-9.07471279710003
"US",10.7639697407661,-4.42807567188221,1.99627685040925,11.1830519658103,-6.87239514342386,8.21124137701185,-9.76249728671154,6.58600748817443,-0.664398626283111,-4.78487204200885,2.86015487272164,-13.0202254145776
"US",9.79364808753362,-7.36783607457804,2.71999918596634,4.70087390591913,-7.1214945150619,10.7888880045545,-12.8744079071009,4.67531383037978,-2.01339109125684,-3.81528283417454,4.41006343736797,-9.62056204424052
"US",3.24782489687015,-6.09715520446268,5.28736352166149,4.74055772454186,-6.03936399408264,10.83782610751,-10.1164777007961,6.59268277565076,0.415956440609551,-2.41889055988164,2.79432011403654,-6.93641068015602
"US",7.02310927598323,-4.12665595326091,1.52636434435252,11.4634552422505,-6.59950144379285,8.82402052926714,-9.90976116037993,5.29549425779558,-0.326733734404805,-3.44770281561707,3.31745762682503,-7.80656477999295
"US",8.83230972028959,-1.56025000752038,-0.779165145975691,5.79180598170056,-9.74772390716813,10.7412704494371,-7.47530941761165,7.0815523457942,-2.18010594570965,-4.05837657099824,4.30408813957743,-7.82454207727859
"US",14.70428316815,-10.2644079462029,2.74153680801063,11.5064930133153,-5.04297702146335,12.1511802281028,-14.2416839109293,1.27579166328955,0.0906140841831864,-5.47342478249297,3.49002144898597,-8.04196069468889
"US",12.570557429894,-12.0423607081039,1.06943781656101,8.33989665513893,-8.70785287782298,8.93683053378105,-12.4169897765342,4.02182520243306,2.09853342138137,-3.05176167130175,5.82074001500721,-4.27289759384513
"US",12.7074806029314,-8.66948011738082,2.94120893016824,13.445923549825,-8.7068755895639,11.0716231318658,-9.32993259890635,0.616475796783956,1.20804000232971,-4.44525660731645,0.153616775004373,-5.38038538504698
"US",14.9338122326337,-3.82726518788441,1.30046425188269,8.76447610552682,-12.1826619811629,11.1771965735185,-7.61069551690864,2.25269942261984,1.23689696806241,-6.27333317613062,0.288901699275109,-6.15086139420076
"US",9.80773455556893,-14.972962416342,6.47884787931174,2.35827900472832,-10.3320058298259,11.8102058398194,-12.296817640043,0.232075133288077,0.222282721430079,-4.01095236457286,1.93336500101994,-4.28819652735795
"US",11.456457752378,-7.67811992935033,0.379508082022362,3.8934061787656,-8.20149367254865,13.557368562399,-12.0145268368394,1.41824591594817,-0.389970325772145,-4.27793694339417,6.01350156413013,-1.84776827611542
"US",10.2625102821524,-14.294344347761,3.02010916122346,8.52262878381593,-10.6272188988659,11.5593373086459,-11.4872501179589,-0.999699262101515,1.69586797227675,-2.70000791888757,2.20766654201334,-4.08293195830819
"US",14.6168062396808,-8.41743402677588,3.79658045020123,10.8845716857977,-9.83061102075846,12.019495034647,-10.3829179740611,1.38159594472668,1.67217841466916,-6.7452442676378,1.82134346604821,-7.72616112577965
"US",11.3055889301514,-11.8975773356993,3.3805672460018,2.9538198251408,-10.0075199789133,13.7331821735213,-11.1725696259045,3.15966359898773,-0.456263595543552,-3.66727720748968,5.02368186595727,-4.70559331748484
"US",14.1147260368583,-13.1644073687897,3.75305915896626,8.166042238312,-9.81091590006614,10.5451648916487,-10.5559218079586,1.62041897989997,1.62712026276414,-5.08387117247298,4.80819785759554,-6.74284135155788
"US",8.38854657174017,-12.2900293040024,10.6207557512073,3.54740450018594,-8.7058114969896,12.0334948246779,-13.4230284803983,3.88951179691241,2.04975722422647,-6.00471041963029,0.557850951620181,-5.03883830203322
"US",9.12980840735644,-12.4053686233162,3.32574941593267,7.32363271780483,-9.10975536216776,9.82198377582782,-9.5967630260812,3.26323931339837,3.36311623610796,-2.2097210220162,2.21632356574042,-4.72778346150669
"US",13.1617147856023,-4.1301869323128,4.85401433026743,9.06332954527302,-15.1488770174671,8.61940326265065,-7.81727097834927,3.14374669712349,3.52608565279439,-5.32199209070881,-0.702298958481292,-6.0108885314104
"US",8.36202809800629,-11.6385679105325,8.29867392772552,3.06983569918136,-10.6534925330139,11.5384374833582,-12.21294121443,4.05747156693755,2.96713421422038,-4.07045711885735,-0.382388970191268,-4.890731609608
"US",11.4213155233618,-12.4199172093903,0.895373504714088,10.2649931061913,-9.31633780884316,9.79147694235169,-10.0803232096505,2.44244666170418,3.98078911787767,-2.95991265020653,2.68248697210416,-5.35315867789152
"US",15.0373249277916,-7.53950282015389,8.28231529096118,-1.12642731917047,4.66908026598266,-0.442881113819465,-5.05371318643579,3.77050158007492,-10.8889453894318,16.3264547123051,-8.97167204010379,3.66676085517673
"US",4.8688326426557,-8.84720904949066,11.7736801600325,-1.45241864926975,4.2178908622601,2.71129111414307,-4.62595203917778,4.49537686420341,-5.80015222403684,10.1676144482979,-7.6931547403248,3.02816137201618
"US",1.09886433451875,-7.45242319246308,17.0664869391695,-7.31483127660604,7.91280912228892,0.381224179975131,-5.61739315436879,4.76042161107279,-6.23636660800308,7.89613784199152,-9.27983308576156,2.4461484979208
"US",7.71295133172209,-6.61171975917128,8.70902284811133,-1.73431829937635,0.624851251604131,3.6595380796648,-4.62216882172402,4.30340712025249,-9.29603161649007,12.1403045629808,-8.00738766617316,2.5304205538461
"US",7.11066585689377,-8.22093823373861,14.2744934031813,2.98405975744006,5.64204767165915,2.69233493526392,-3.76737616904758,5.42917395415352,-8.13598921041752,10.5209150290089,-8.21772268710457,4.27642357880811
"US",9.06525585616534,-8.71688518966038,10.098311501528,-2.81437660933899,1.83093227322716,-3.16213859078773,-0.424033054812701,4.34038059660387,-15.5109737474822,12.8461299338757,-7.78976365109338,5.25942950029066
"US",10.211798176282,-3.94384556310434,8.62775656129127,-1.81076980917719,6.27292978514309,-2.83215124198013,-2.243885917309,5.08170536511962,-9.30021234288031,13.6304158600523,-11.5284717841233,3.07683997764019
"US",6.00436400648544,-9.25134506922841,14.3128287455046,-8.84423138178516,6.09683051411542,-2.04283901877193,-4.76932220513883,2.41727620654938,-8.87733355668564,11.5485950177582,-7.74941328897139,4.04349640041177
"US",1.38589052208419,-8.40697990224964,12.9446583489691,-7.74164948555447,7.30806934502211,-3.52896385194611,-4.38442175109419,3.09148227382577,-8.62436340384936,11.0276000893063,-7.66035959819375,3.71582128669424
"US",7.54976981342129,-4.37466194395209,11.8056555398064,-0.895732852891092,6.12293992413882,2.18541652527118,-5.05355761722254,3.99935860773303,-7.92804628963984,10.4662147528715,-9.02623989178194,1.16663704057369
"US",4.23460728293985,-8.95018830026583,14.4728762315655,-2.53708053593319,5.75315367813204,1.05426318431771,-4.77347190348444,4.73670535587021,-9.21198685652574,12.5568509025106,-6.74949931838733,0.72787001559239
"US",9.32244037948427,-6.61346864064159,15.5459367903722,-0.692065739416639,1.89424745898848,-1.77404391547292,-3.17917329434197,4.18423644895061,-7.82925224439575,10.8626546409383,-13.6641039706526,3.62780341469973
"US",6.02746773751802,-4.93285051428384,15.6308758052155,-0.741649348122497,5.2987563084256,1.03233801839838,-4.78686945462775,4.52925989046978,-6.49326229729357,10.2758371428826,-11.1212049874515,1.78139458467701
"US",5.22607177981654,-6.51131362940418,12.65716936927,-2.558774591466,4.43780503023533,1.28377551927539,-3.42002345539185,3.14272629080676,-8.38077447483366,12.8729036558384,-6.21758006730674,3.81282822261991
"US",4.44242124304021,-5.3588114701792,14.3285855660921,-4.31817118895458,4.42167378915495,-0.873497897742786,-2.47964481756152,4.96581879487046,-7.97892161548854,10.2858842467289,-9.33466121911696,2.82647986770227
"US",1.91251191423034,-0.33389575632947,3.1718457504275,0.552984345009674,6.90183490724426,1.85722751317264,-6.92586068288588,10.0734557028212,-5.6804323133826,5.90063411822467,-6.54283524680428,-0.348127011490773
"US",2.63068834965413,-4.17340230053898,4.9645955989486,2.06604283883139,5.91820286082791,1.30729193478543,-6.14510928453477,7.91321991101791,-7.54515182627148,8.65853394900595,-4.10524887544258,1.47263400311165
"US",-3.39057676862526,-2.42927353786482,4.17802646628769,-5.01331467192677,4.75348565152773,2.70238690979284,-4.94142184104525,7.41093650299282,-8.1348603307641,6.0921935873918,-1.94670610131841,2.14687841934734
"US",-0.734796630293051,-0.730618560351665,3.09580498270023,0.89005639333525,4.47983620858748,3.46339272939089,-6.28519377926949,8.06736321269905,-6.91824890059805,8.2713591402341,-2.30886504471063,-0.205969729258542
"US",0.461838514778347,-3.55921272483978,3.04680787750494,1.56046519235409,3.45571688460736,1.78085837026324,-7.27771043951337,9.89766354428359,-7.62842355997796,7.53585419508572,-1.49915216198592,-0.70444142987341
"US",2.32949233330281,-1.67504504862516,2.99568604304268,-1.09383361263196,0.948367370943363,1.99172556886426,-5.9518485351252,10.2214385947394,-9.54456273078285,6.76047029815674,1.27502873628925,1.76840365095052
"US",-4.22235861163902,-0.848943317866591,0.867377870277318,1.45671975332388,3.05545459816569,2.6388165811242,-8.61759630365634,7.72348023188095,-7.16071836011175,5.69550829758751,-3.59892124461455,0.390674440857379
"US",-0.41964308061106,1.99673676086473,0.228772414840542,-1.06741987360568,2.04717993028183,1.92235916229855,-5.9373252414761,6.94528766732764,-9.76511744511718,7.55241391798085,-3.12280940774089,-1.64725791142431
"US",-3.42846439099987,0.498585770413246,2.92750001224056,-1.74432660597724,5.41241283009881,4.53394835283521,-7.29003519896613,9.00594979875938,-7.48895114488965,6.6936228211974,0.135648074992301,-1.02995941827747
"US",-3.72337670465603,-0.645935550608741,3.07341818037917,6.02838107965843,2.29197961294981,-0.448421886424022,-7.55669210534983,10.1496988632082,-7.71396099991716,5.21097201047021,-4.40826909481983,-0.748236926382206
"US",-1.86745927735135,-1.07420118158061,3.9298071135929,-0.391829770398545,4.02566470055462,4.29209571327082,-6.19545545483864,8.37967936255596,-6.29597632437184,8.13643260352611,-1.77347458452303,-0.145290597845007
"US",1.87614589132542,-4.79096782926697,7.70608453447785,3.47915791932091,4.45527413253378,2.35221960009643,-7.04089633437866,8.80335218058472,-7.42681330122187,6.98209792182429,-3.74897141631324,0.229069847766934
"US",0.504813366705475,-2.25781035117793,4.41617049858388,2.73946976891981,3.47295404559201,4.32942775490926,-6.96527005885241,9.89201664557205,-7.29223779828518,8.07887041849738,-1.34199914144492,-2.14380401734209
"US",-3.17716703105262,-1.12259170349761,2.91819284399493,-1.49761765036425,1.90564694051097,3.29653493515537,-6.24004318009381,9.15553921930759,-6.23048912324419,6.5249686545273,-0.929961342269632,0.809331509255761
"US",-2.28588640155174,-6.07298522694206,4.00078188163805,-0.457250950180899,2.27798123060262,2.2853314652582,-7.50695189345612,10.2439827550744,-6.95933421885495,5.6468086191009,-1.41972290602057,1.68286489321144
"US",12.8185537029402,-8.0137446352627,-0.973638672538435,14.5107652222289,-4.29599111837789,12.880959773379,-6.52677970751018,2.05949072066904,-0.738020006759891,-4.86030198515887,6.94257115717489,-2.12087172872492
"US",11.290766960621,-5.96204414435572,-0.845848464520204,13.4122676113786,-6.56527240232717,9.04895907185724,-7.53202511637748,2.03417227059872,-1.99855484871097,-3.46188127256284,5.15726866744018,-2.56621566795511
"US",7.04365289622205,-4.35438369715856,1.62472368377243,11.0751275259056,-8.16090108157307,9.67003371604359,-5.20494597967345,4.99484015855845,1.16540958110345,-0.670548898932681,4.57402718319644,-2.4589172625691
"US",16.3235627613429,-7.22259554227366,0.137042139813656,12.3169007725478,-7.3514483233235,10.0770414172317,-6.31199999667207,2.37612589839774,-2.72808125919077,-7.0885105726757,6.6887165472725,-5.11498358703305
"US",9.91971538909264,-9.4962410492891,3.25571224125382,9.26347072675998,-10.7449028685818,8.11194831085262,-7.13974680372206,3.51005102224844,-0.656607060212746,-4.83160270800503,5.76892972676711,-0.373324393015812
"US",12.1446615673189,-10.0612520015421,-0.621763846968672,9.74001260906171,-8.20014884870887,9.71262159855483,-10.4270244729376,1.7335975283135,0.00994437342256941,-2.49928464650473,6.41458078723142,-0.230875494323396
"US",10.5814729272393,-7.78792579479413,-0.353327937956355,11.1789890183653,-5.70454899344878,12.1013513574311,-8.91253130779005,3.65351138084108,0.00152813404190557,-4.66194468221865,6.11537866122467,-0.37023762789948
"US",13.4814421146354,-12.2846009994783,3.1467062958019,13.4225501773094,-6.19309141857891,8.68971698387887,-8.85646810888626,1.48322577517757,-0.365943195302106,-4.27021857568401,7.80105407634125,-2.85927779213751
"US",12.3936151019528,-1.62932136306498,1.03043562884427,13.8142920416032,-13.5387673558662,5.81491675274562,-5.05526398810959,5.67810973239112,0.795077887970853,-3.77827781484228,5.17798960059443,-2.10712115026081
"US",17.7498509825029,-1.44405244761063,-3.78058730285402,13.9177701449688,-9.02286492981104,11.27710760337,-2.32159910010539,4.5356150121774,-1.41258054612899,-4.49529821991639,7.1990199327233,-5.05958219414894
"US",13.8702104335493,-8.63904505488615,2.75093128002173,14.2818566178371,-6.77412007844288,10.0178688425541,-6.13068604594527,3.58836072570319,-0.923878340374972,-5.49832775398635,6.26038044686593,-2.78118153577402
"US",14.478030108982,-8.22803727219746,-1.10526297452251,14.7170621815442,-7.90114569002569,8.72628002648305,-5.02235285272888,3.48216743985846,1.34532420421441,-4.19689340080231,7.34045510615555,-2.28623811669489
"US",11.8853469321981,-6.60993666217806,-1.64453483160307,15.1275782625507,-5.31516996555885,9.22128462933891,-8.42126075282853,1.57115740825404,0.641365606434852,-3.27140846232549,7.05125147614777,-3.25068670297505
"US",13.4657085141525,-9.04138149975853,0.561668324026461,9.67392949395298,-9.14877446877859,10.4324569617379,-6.81089965854949,4.22447989272766,0.584894549147528,-2.97791812287015,6.73831406955148,-2.50852224714186
"US",12.0683509244164,-6.01287150138111,0.819122396835356,13.3214258125307,-6.12678817443053,10.1573689777521,-5.95484654399358,2.45572034007821,-1.64272924635444,-4.68192902917244,6.62157690071553,-3.48214805532063
"US",6.79324431493861,-9.52561420440105,2.8661546475229,9.55337159874317,-7.35089118095941,9.67830432747403,-12.8659661616701,2.12810926862033,1.81023640775915,-3.34253875228489,6.94625318033971,-2.80174991833863
"US",3.68192421624905,-0.280619088702776,-1.41768876263823,5.97527971201051,-6.94681079455896,11.7041585766046,-8.41753907929585,5.17860129574638,1.74778371199959,-1.51208345107407,4.12674143624193,-0.334009987792899
"US",6.46395573125672,-1.12413058272929,-1.28280189288176,7.71652327211121,-9.22539153500706,11.5110859194109,-8.14128057444521,6.4336292971427,3.44931755915052,-3.49957560163224,5.72172856149177,-1.96741094590244
"US",3.36129103229687,-6.51576393569015,4.05417214827826,4.79237517756905,-9.60057974885435,11.4326638181984,-8.6041602189194,4.33734529059859,-0.754791535501624,-4.43978042038554,5.11717866474632,0.236226357379153
"US",0.939942950180246,-2.02531639069375,0.093835638047394,5.68980824594167,-6.98275986666975,11.1277779891456,-10.9089567524067,6.09133070278128,1.19696869074102,-4.56374028328637,3.91680516415416,-2.11356244015965
"US",2.89426485415394,-2.64964225999802,2.20824666819442,5.28257746158926,-7.4979737555125,11.8019157492656,-9.90151629417311,3.63256529207097,-0.473799954245036,-1.83283668040816,5.04836889431786,-3.71776548302315
"US",-0.267737948835982,-1.07865285242379,-0.878467004457204,7.60987826175946,-4.43430915692393,10.8364587642273,-10.2336891263658,5.11668695337786,1.72135281846849,-3.04565861390362,4.05075595972124,0.564468495035564
"US",4.09808706133045,-4.98687773330101,-2.03475247167554,7.48495494194167,-5.91077553166508,11.7076775537949,-11.59973882178,2.18790083678962,2.01287031608779,-2.44459698151453,5.0740479599613,-1.2930220728038
"US",6.54443874260024,-6.64634996835675,1.86813675214645,8.93597078143268,-5.10839164639224,10.8233223780309,-13.5254667342786,4.38345696000528,0.990876387861469,-5.25570154414617,5.23853238780658,-1.45435675743646
"US",-0.130877886130751,-5.11988397823119,2.70003130527619,3.99084850304351,-6.98645021275809,12.118010429707,-8.96099293045283,5.99044046931936,-1.58704236060279,-1.78888844752845,6.12770559226969,0.0973436656340684
"US",2.8069151547463,-3.63932692711645,-0.80701323129493,5.22141273302745,-6.07347151685592,11.795792645042,-9.62209840375967,4.33665315106211,-0.609084895722357,-2.79186702107956,6.74955185583838,-2.50701032296183
"US",6.15177348139299,-5.76996577120897,0.478573338289462,8.65046865218122,-7.30046845397516,10.2643138720265,-10.8113110546826,1.8423151047392,0.26479039125079,-2.79669472151012,7.08795296982714,-0.679658062333746
"US",3.73760041041521,-4.23507052755128,3.00500557698179,12.6443450087261,-4.02265852498799,10.3886449599669,-11.4427651026596,7.08786669252179,4.08664045712355,-5.4528763597291,4.11611762029253,-2.8847255394422
"US",5.96264195607625,-3.28820136953239,0.481116746393172,9.509572777421,-3.75790066229355,11.4462106024028,-11.8742852339211,4.68961009664517,2.49388011612253,-5.10076133639027,4.63673240030127,-3.39369510674085
"US",-2.3481225079218,-5.41724325818133,1.10274899834942,6.57241313362326,-4.182181182729,10.1035829315392,-11.4600420940198,6.12317552629988,-0.152551501224402,-3.32314710265158,4.50938455079487,-1.18073787298093
"US",15.3813901036326,-6.81680223772788,2.79483209885347,11.076270472985,-4.63738895052267,17.316366734532,-8.74852973624498,-0.0514565274863659,0.546350427668466,-5.40593998763433,1.74008673235359,-6.34836554829662
"US",12.1509755221351,-10.3496381260691,3.8548617685883,11.8929125605354,-3.89372341646575,17.8932130554864,-11.5719440414712,0.262381917939931,0.652021905499545,-5.2811579822582,3.58232491975173,-4.19639952983808
"US",12.8806646642782,-9.21935177604869,7.37943742810168,8.281754959986,-4.07206198199009,21.4458368708623,-9.56786349829472,-0.308986396203889,0.274296904652453,-7.20719554092113,2.82958619570355,-7.29105894337754
"US",15.1030693865511,-7.41287312292659,4.02892732707093,11.1990476799983,-2.83980011184979,18.4906178676752,-15.3656652959505,-1.08767687576083,4.43006402786913,-3.18309988586173,0.198348728740074,-11.0733200781976
"US",16.6658745211901,-4.76144404033869,0.0348789140029754,8.79105878085543,-8.97337591581912,15.5253854712874,-8.90844033848441,0.0800245719940993,2.06516953805079,-4.91303224076726,0.17728952519943,-7.32499413925536
"US",15.8975783737208,-4.48663118807706,2.19819860302895,9.08915479288073,-12.7071757306519,12.8616969374344,-10.7568084621271,-0.0365176625452146,4.04168103463993,-5.68387440351468,1.73029017223442,-3.89350794435238
"US",14.9107845020139,-3.89890974423517,0.631659149014982,10.9259725787165,-6.84070392526973,12.9413376437898,-10.7777418437308,2.93748646380946,2.33092414045535,-7.24927793973296,-1.42411063280433,-6.15461039022789
"US",16.9711611690923,-2.61883624650298,4.12389624730068,11.8063262676453,-15.6565963386934,9.12460428879079,-8.593480293056,2.87470017482268,3.30381834198902,-5.9923929807918,-2.60623072666938,-4.67010047661092
"US",11.7932390992487,-8.06064808145692,6.41978708001686,10.369217540426,-6.00219037759738,16.5628281197508,-6.99593237681183,3.75390179417173,-0.605434050315801,-6.80712863550896,-0.80305625089571,-7.73469872557589
"US",15.9707702348531,-3.57546650014256,5.97221033275101,10.5236210308156,-14.6375594273968,11.3369888776437,-7.00916706177695,2.9345387384534,4.7899888512246,-5.65765679341345,-2.58746959920497,-4.3743335820759
"US",13.1266647618355,-1.17202607794868,0.127094403729723,11.916704306785,-6.17478800545722,17.2473454449313,-6.47118179146592,1.51460366002242,3.03134930440082,-2.82615979742756,1.2649510142422,-7.10050150318757
"US",14.9648591461253,-5.82817115890021,5.32921287828708,12.83360621457,-6.00466468592753,18.7040464533722,-10.2939390730016,-1.19466039230722,3.26215117401028,-6.75251737389285,-2.92803243643413,-9.94220930838816
"US",13.2538366045115,-2.46580275630712,5.95247060787673,6.52735005250634,-8.0198563238723,16.3879683196796,-10.1890809192266,-0.202950983772009,3.75336546046335,-0.486059068979134,-0.382393426295726,-6.74227157233252
"US",14.1504955506428,-6.11114916658379,2.57249817767298,6.8680331675715,-9.94852374031981,15.2488406206642,-9.48212337500798,-0.0522711433707324,1.78110266677639,-3.81102125547492,1.61911797688764,-3.63745592693532
"US",12.7525367710535,-6.34332513443615,3.33892409927127,5.8389768901339,-9.32572621103358,18.7775472341117,-9.38371708294897,-2.87386243363625,1.84217868809493,-2.38573962585922,0.661138968644986,-3.30641688986293
"US",8.68947495540218,-6.86366840306974,-0.783396335372472,8.68574734503409,-8.13060711754295,8.8513292897474,-9.93136093904461,3.00916147064975,0.306991447020716,-4.79581371089583,5.0401697041529,-1.85231833737544
"US",4.47224587442487,0.324076473708442,0.612693276194562,8.09739025539507,-9.31336090236156,9.8222078418242,-8.02768425917035,5.2418755835995,-0.452850281035183,-2.96484460786879,4.93494878831913,-3.30612321573106
"US",2.71655085465917,1.92469057512102,-0.823819350029738,7.0538325840326,-8.09560067423363,9.1301855609756,-8.61847903228658,6.62402624153974,-0.358458750520223,-3.00265488965959,3.00822354505756,-2.97127687567607
"US",5.07756381894665,-5.48213299135962,0.312714199868226,9.66278756110349,-6.88183015192511,10.8502477726533,-8.66400379526519,3.95459486549007,1.61204613946123,-3.16634855325387,3.55552637820057,-0.250758820014639
"US",6.63676503107124,-6.54470153375135,-0.751625650626415,10.8086121146622,-6.31687684662898,11.5889952056847,-9.46827194043337,4.5352019948409,1.36515266884545,-2.92947758197504,4.20929817392309,0.484816746056258
"US",5.58483058026263,-4.22097798770463,0.319858862109459,11.3373415252599,-5.6414018162975,11.2632645808485,-9.85956166254954,2.51232871478873,-0.47852633298216,-0.931807979638808,3.92774719144733,-6.95357090460147
"US",6.79529869228841,-6.02515580021822,1.90229699729011,8.4498158866178,-7.50944425232638,12.4266478821683,-8.44143402172098,3.22050543390178,1.49126798143138,-4.45765509074761,2.18134321768998,-1.66945185506166
"US",6.32173082952535,-6.22594569059822,-0.0401044681296975,9.00613216068055,-5.85615343695193,10.6998142465064,-10.0615550723433,3.59443795262333,1.90895582712005,-4.18480705285057,3.41302694082405,-1.22793071795861
"US",7.07041984498083,-4.25251233807011,-0.848099324506498,8.59541792164764,-7.98597535541484,8.65267549754761,-9.53236463895097,3.93859468847038,0.245512617746405,-1.96775941195504,2.93403354886869,-4.80699335993341
"US",7.88310410846243,-5.7337503865034,-1.92930906407556,10.5339459248826,-6.8025704722363,9.46465669359928,-11.1396031086229,2.9542578113278,3.88209622914179,-2.19687115346469,3.55197592163546,-2.49331216838604
"US",9.53015756716839,-4.89761361714995,-3.15007567431219,7.8046802037047,-7.48234665234719,12.0578837618828,-8.69894257246162,0.883058807797751,0.839150411501934,-3.66677154634054,5.65790295265139,-1.77053717782122
"US",3.80136498230992,-5.49496329091482,1.63000007470168,9.93005383422272,-6.18909862545295,12.1386147781129,-9.32371566998209,3.84707328965446,0.779992696376495,-3.52983384533872,2.27955266798511,-2.51933083164917
"US",4.83342039101398,-7.23630608035226,3.52737110360006,8.18543010366143,-6.58258818819786,12.4193595243165,-9.91868496927527,3.35032707585831,-0.503265427234453,-3.20688668053122,4.3027788140802,-2.80422432245799
"US",0.563812192821832,-3.28083443053576,1.98995485101998,6.17479528164831,-7.29877509463649,11.1979424742276,-8.34023619843086,4.35687049513245,-0.356252238837937,-1.16470113668035,3.54012438738797,-2.50144831050763
"US",8.06989206627135,-2.80826595806917,-2.76556739680394,8.53139876451733,-7.52164329383413,9.43072031724498,-8.17227458062795,4.47755955518072,1.79154120888964,-3.92234520468147,3.44059473925083,-2.0144235947995
"US",-2.76571765006445,-5.55045092530822,4.3919769339893,-0.904437719039433,3.74290192970809,4.97076361384709,-5.68366282045024,9.75902126380053,-15.0491847668895,8.05272719217083,1.67508976346726,-4.80736397100035
"US",1.23213085282462,-7.88085344889505,4.71139260761083,2.74839470137496,1.91938111450457,4.20141604468031,-8.15390074300076,13.3606285952874,-8.51698000123454,6.11696661693387,0.665395451641652,-2.75725063945858
"US",0.0408546017487081,0.316818270732613,0.250999236724144,3.47223249459729,5.73502556122731,7.74735712469321,-8.6898626299503,9.95011359465454,-9.6682560398942,8.32759352563879,1.04888949688848,-4.54865351195188
"US",0.458847412152798,-0.625223469526072,5.49635243692405,2.70255099462527,4.72656038955948,5.72410538213075,-5.98208002621647,12.0621983896649,-11.0281147248784,9.93440829089444,0.798224093984782,-5.1176551284381
"US",3.36420461760862,-2.51914017283737,6.16887120343713,-2.39493683317331,1.20311685830091,8.14491998687317,-6.89217789706335,12.6471647688072,-10.7466292007719,4.97546100515079,0.35725253303862,-2.41996874128204
"US",-4.03682126095596,-5.01673905115878,3.48233112149924,0.0619463716997427,2.80344721231277,5.90915964904749,-6.65603228849102,10.4267597124153,-8.5275011124324,7.81361301504805,-0.745975248437267,-1.64669747961661
"US",-1.68172947857307,-0.506247338538688,2.13551590673985,3.32399504440858,1.08013388737072,5.5172132900277,-6.73750672366556,11.6048542136929,-8.73031468540918,6.71524985981729,0.138770873679039,-2.15951300307813
"US",3.11849254749591,-5.86038898192988,5.6095362356901,-0.985667360741903,4.47427296915176,6.93905368818667,-6.61570020970503,10.8847676063457,-13.1603680591634,7.96553478068973,-0.492150982082871,-3.71071218858614
"US",2.54244448463678,-6.65370519041484,7.42764596037508,4.58758056595893,7.47164578510531,3.95185081128634,-5.51646915994523,13.846082757233,-14.8429251448454,9.29223612851025,0.00208859855080287,-7.05468765518263
"US",-2.11273314870991,-0.0389446095932788,1.17389583432236,1.26363183437226,4.8173482569305,7.84045868441155,-5.70683823224072,12.2857207235477,-11.6320695904984,5.82879047129859,1.64391990875272,-4.6575711339183
"US",-0.525272501397545,-3.86833795964549,3.54830377937785,1.49624903351434,3.49075327525827,5.84988668876333,-7.74702686390019,9.73883607660664,-11.7545434128574,7.12990931500118,0.209946788852602,-1.94691425635245
"US",-2.09400126626683,-1.07311292695048,1.21739746676746,-0.550790065237392,2.66654716707269,7.44994175990593,-6.41806429912599,10.9070978195675,-11.1343226302905,6.72837313379991,2.46144587783167,-0.0261134281177345
"US",2.11690918546673,-4.4414819261998,5.35039236458567,3.67539554326575,2.71587614383527,3.68267037867792,-4.50085010612999,11.7985645325279,-12.0310053243866,7.56614208858532,-0.606009984842245,-2.2451286649273
"US",0.299616392371127,0.324844098844411,3.29991882745331,2.04403977163098,3.6348277291238,6.69383982496165,-5.6762242549623,12.0005178873115,-11.9129014248516,4.66440567684968,1.19778939334263,-2.2302750792535
"US",3.21425429686269,-3.13515222291267,1.12269127562635,4.71244398685329,5.92651761473417,6.91556578025665,-5.7997265207049,10.8585320218123,-11.6598446940381,10.6057341216344,0.349482099342067,-5.98328089332197
